{"cameraMode":{"drawMode":0,"name":"Shaded","section":"Shading Mode"},"sceneLighting":true,"audioPlay":false,"sceneViewState":{"showFog":true,"showMaterialUpdate":true,"showSkybox":true,"showFlares":true,"showImageEffects":true,"showParticleSystems":true},"in2DMode":false,"pivot":{"x":187.67127990722657,"y":-40.232574462890628,"z":225.7161102294922},"rotation":{"x":0.12243832647800446,"y":0.7136483788490295,"z":-0.12900276482105256,"w":0.6775493621826172},"size":252.23651123046876,"orthographic":false}