{"cameraMode":{"drawMode":0,"name":"Shaded","section":"Shading Mode"},"sceneLighting":false,"audioPlay":false,"sceneViewState":{"showFog":true,"showMaterialUpdate":true,"showSkybox":false,"showFlares":true,"showImageEffects":true,"showParticleSystems":true},"in2DMode":false,"pivot":{"x":1.2899999618530274,"y":0.9300000071525574,"z":2.940000057220459},"rotation":{"x":-0.0448131263256073,"y":-0.6865686178207398,"z":0.04251044616103172,"w":-0.7244365215301514},"size":0.2857882082462311,"orthographic":false}